<?xml version="1.0" encoding="UTF-8"?>
<!DOCTYPE mapper PUBLIC "-//mybatis.org//DTD Mapper 3.0//EN" "http://mybatis.org/dtd/mybatis-3-mapper.dtd">
<mapper namespace="org.example.demo.repository.dao.PersonMapper">
    <resultMap id="BaseResultMap" type="org.example.demo.repository.entity.Person">
        <id column="id" jdbcType="INTEGER" property="id"/>
        <result column="address" jdbcType="VARCHAR" property="address"/>
        <result column="age" jdbcType="INTEGER" property="age"/>
        <result column="name" jdbcType="VARCHAR" property="name"/>
    </resultMap>
    <sql id="Base_Column_List">
    id, address, age, name
  </sql>
    <select id="selectByPrimaryKey" parameterType="java.lang.Integer" resultMap="BaseResultMap">
        select
        <include refid="Base_Column_List"/>
        from tbl_person
        where id = #{id,jdbcType=INTEGER}
    </select>
    <select id="list" resultMap="BaseResultMap">
        select
        <include refid="Base_Column_List"/>
        from tbl_person
    </select>
    <delete id="deleteByPrimaryKey" parameterType="java.lang.Integer">
    delete from tbl_person
    where id = #{id,jdbcType=INTEGER}
  </delete>
    <insert id="insert" parameterType="org.example.demo.repository.entity.Person">
    insert into tbl_person (id, address, age, 
      name)
    values (#{id,jdbcType=INTEGER}, #{address,jdbcType=VARCHAR}, #{age,jdbcType=INTEGER}, 
      #{name,jdbcType=VARCHAR})
  </insert>
    <insert id="insertSelective" parameterType="org.example.demo.repository.entity.Person">
        insert into tbl_person
        <trim prefix="(" suffix=")" suffixOverrides=",">
            <if test="id != null">
                id,
            </if>
            <if test="address != null">
                address,
            </if>
            <if test="age != null">
                age,
            </if>
            <if test="name != null">
                name,
            </if>
        </trim>
        <trim prefix="values (" suffix=")" suffixOverrides=",">
            <if test="id != null">
                #{id,jdbcType=INTEGER},
            </if>
            <if test="address != null">
                #{address,jdbcType=VARCHAR},
            </if>
            <if test="age != null">
                #{age,jdbcType=INTEGER},
            </if>
            <if test="name != null">
                #{name,jdbcType=VARCHAR},
            </if>
        </trim>
    </insert>
    <update id="updateByPrimaryKeySelective" parameterType="org.example.demo.repository.entity.Person">
        update tbl_person
        <set>
            <if test="address != null">
                address = #{address,jdbcType=VARCHAR},
            </if>
            <if test="age != null">
                age = #{age,jdbcType=INTEGER},
            </if>
            <if test="name != null">
                name = #{name,jdbcType=VARCHAR},
            </if>
        </set>
        where id = #{id,jdbcType=INTEGER}
    </update>
    <update id="updateByPrimaryKey" parameterType="org.example.demo.repository.entity.Person">
    update tbl_person
    set address = #{address,jdbcType=VARCHAR},
      age = #{age,jdbcType=INTEGER},
      name = #{name,jdbcType=VARCHAR}
    where id = #{id,jdbcType=INTEGER}
  </update>
</mapper>