<?xml version="1.0" encoding="UTF-8"?>
<!-- 从高到地低 OFF 、 FATAL 、 ERROR 、 WARN 、 INFO 、 DEBUG 、 TRACE 、 ALL -->
<!-- 日志输出规则  根据当前ROOT 级别，日志输出时，级别高于root默认的级别时  会输出 -->
<!-- 以下  每个配置的 filter 是过滤掉输出文件里面，会出现高级别文件，依然出现低级别的日志信息，通过filter 过滤只记录本级别的日志-->
<!-- 属性描述 scan：性设置为true时，配置文件如果发生改变，将会被重新加载，默认值为true scanPeriod:设置监测配置文件是否有修改的时间间隔，如果没有给出时间单位，默认单位是毫秒。当scan为true时，此属性生效。默认的时间间隔为1分钟。
debug:当此属性设置为true时，将打印出logback内部日志信息，实时查看logback运行状态。默认值为false。 -->
<configuration scan="true" debug="false">
    <!-- 定义日志文件 输入位置 tomcat 下的logs路径下 更改对应的项目名称，会创建对应的文件夹-->
    <property name="path" value="../logs/demo-springmvc-mybatis"/>
    <!--<conversionRule conversionWord="clr" converterClass="org.springframework.boot.logging.logback.ColorConverter"/>-->
    <!--<conversionRule conversionWord="wex"-->
    <!--converterClass="org.springframework.boot.logging.logback.WhitespaceThrowableProxyConverter"/>-->
    <!--<conversionRule conversionWord="wEx"-->
    <!--converterClass="org.springframework.boot.logging.logback.ExtendedWhitespaceThrowableProxyConverter"/>-->
    <!-- 彩色日志格式 -->
    <!--<property name="CONSOLE_LOG_PATTERN"-->
    <!--value="%cyan(%d{yyyy-MM-dd HH:mm:ss.SSS}){faint} %highlight(%-5level) %green([%thread]) %highlight([line%4line]) %highlight(-&#45;&#45;){faint} %highlight([%15.15t]){faint} %cyan(%-40.40logger{39}){cyan} %cyan(:){faint} %highlight(%msg%n)"/>-->

    <!--<property name="CONSOLE_LOG_PATTERN"-->
    <!--value="%red(%d{yyyy-MM-dd HH:mm:ss}) %green([%thread]) %highlight(%-5level) %boldMagenta(%logger{10}) - %cyan(%msg%n)"/>-->

    <property name="CONSOLE_LOG_PATTERN"
              value="%d{yyyy-MM-dd HH:mm:ss.SSS}  %highlight(%-5level) [%thread] %highlight([line%4line]) %cyan(%logger{50}) : %highlight(%msg) %n"/>

    <logger name="org.springframework" level="ERROR"/>
    <logger name="org.sunyard.itmc" level="INFO"/>

    <appender name="FILE_INFO" class="ch.qos.logback.core.rolling.RollingFileAppender">
        <encoder>
            <pattern>%d{yyyy-MM-dd HH:mm:ss.SSS} [%thread] %-5level [line%4line] %logger{50} : %msg%n</pattern>
            <charset>UTF-8</charset>
            <!-- 此处设置字符集，防止中文乱码 -->
        </encoder>

        <rollingPolicy class="ch.qos.logback.core.rolling.TimeBasedRollingPolicy">
            <fileNamePattern>${path}/info/info-%d{yyyy-MM-dd}.%i.log</fileNamePattern>
            <timeBasedFileNamingAndTriggeringPolicy
                    class="ch.qos.logback.core.rolling.SizeAndTimeBasedFNATP">
                <!-- 最大64MB 超过最大值，会重新建一个文件-->
                <maxFileSize>64 MB</maxFileSize>
            </timeBasedFileNamingAndTriggeringPolicy>
        </rollingPolicy>
        <filter class="ch.qos.logback.classic.filter.ThresholdFilter">
            <level>INFO</level>
        </filter>

        <!-- Safely log to the same file from multiple JVMs. Degrades performance! -->
        <!--如果是 true，日志会被安全的写入文件，即使其他的FileAppender也在向此文件做写入操作，效率低，默认是 false。-->
        <prudent>false</prudent>
    </appender>

    <appender name="FILE_WARN" class="ch.qos.logback.core.rolling.RollingFileAppender">
        <encoder>
            <pattern>%d{yyyy-MM-dd HH:mm:ss.SSS} [%thread] %-5level [line%4line] %logger{50} : %msg%n</pattern>
            <charset>UTF-8</charset>
            <!-- 此处设置字符集，防止中文乱码 -->
        </encoder>
        <rollingPolicy class="ch.qos.logback.core.rolling.TimeBasedRollingPolicy">
            <fileNamePattern>${path}/warn/warn-%d{yyyy-MM-dd}.%i.log</fileNamePattern>
            <timeBasedFileNamingAndTriggeringPolicy
                    class="ch.qos.logback.core.rolling.SizeAndTimeBasedFNATP">
                <!-- 最大64MB 超过最大值，会重新建一个文件-->
                <maxFileSize>64 MB</maxFileSize>
            </timeBasedFileNamingAndTriggeringPolicy>
        </rollingPolicy>
        <filter class="ch.qos.logback.classic.filter.ThresholdFilter">
            <level>WARN</level>
        </filter>

        <!-- Safely log to the same file from multiple JVMs. Degrades performance! -->
        <!--如果是 true，日志会被安全的写入文件，即使其他的FileAppender也在向此文件做写入操作，效率低，默认是 false。-->
        <prudent>false</prudent>
    </appender>

    <appender name="FILE_ERROR" class="ch.qos.logback.core.rolling.RollingFileAppender">
        <!-- 文件输出的日志 的格式 -->
        <encoder>
            <pattern>%d{yyyy-MM-dd HH:mm:ss.SSS} [%thread] %-5level [line%4line] %logger{50} : %msg%n</pattern>
            <charset>UTF-8</charset>
            <!-- 此处设置字符集，防止中文乱码 -->
        </encoder>
        <!-- 配置日志所生成的目录以及生成文件名的规则 在logs/mylog-2016-10-31.0.log -->
        <rollingPolicy class="ch.qos.logback.core.rolling.TimeBasedRollingPolicy">
            <fileNamePattern>${path}/error/error-%d{yyyy-MM-dd}.%i.log</fileNamePattern>
            <timeBasedFileNamingAndTriggeringPolicy
                    class="ch.qos.logback.core.rolling.SizeAndTimeBasedFNATP">
                <!-- 最大64MB 超过最大值，会重新建一个文件-->
                <maxFileSize>64 MB</maxFileSize>
            </timeBasedFileNamingAndTriggeringPolicy>
        </rollingPolicy>
        <filter class="ch.qos.logback.classic.filter.ThresholdFilter">
            <level>ERROR</level>
        </filter>
        <!-- Safely log to the same file from multiple JVMs. Degrades performance! -->
        <!--如果是 true，日志会被安全的写入文件，即使其他的FileAppender也在向此文件做写入操作，效率低，默认是 false。-->
        <prudent>false</prudent>
    </appender>

    <appender name="FILE_DEBUG" class="ch.qos.logback.core.rolling.RollingFileAppender">
        <!-- 文件输出的日志 的格式 -->
        <encoder>
            <pattern>%d{yyyy-MM-dd HH:mm:ss.SSS} [%thread] %-5level [line%4line] %logger{50} : %msg%n</pattern>
            <charset>UTF-8</charset>
            <!-- 此处设置字符集，防止中文乱码 -->
        </encoder>
        <!-- 配置日志所生成的目录以及生成文件名的规则 在logs/mylog-2016-10-31.0.log -->
        <rollingPolicy class="ch.qos.logback.core.rolling.TimeBasedRollingPolicy">
            <fileNamePattern>${path}/debug/debug-%d{yyyy-MM-dd}.%i.log</fileNamePattern>
            <timeBasedFileNamingAndTriggeringPolicy
                    class="ch.qos.logback.core.rolling.SizeAndTimeBasedFNATP">
                <!-- 最大64MB 超过最大值，会重新建一个文件-->
                <maxFileSize>64 MB</maxFileSize>
            </timeBasedFileNamingAndTriggeringPolicy>
        </rollingPolicy>
        <filter class="ch.qos.logback.classic.filter.ThresholdFilter">
            <level>DEBUG</level>
        </filter>
        <!-- Safely log to the same file from multiple JVMs. Degrades performance! -->
        <!--如果是 true，日志会被安全的写入文件，即使其他的FileAppender也在向此文件做写入操作，效率低，默认是 false。-->
        <prudent>false</prudent>
    </appender>

    <!--控制台输出的格式设置 -->
    <appender name="STDOUT" class="ch.qos.logback.core.ConsoleAppender">
        <!-- 控制台输出的日志 的格式 -->
        <encoder>
            <pattern>
                ${CONSOLE_LOG_PATTERN}
            </pattern>
            <charset>UTF-8</charset> <!-- 此处设置字符集 -->
        </encoder>
        <!-- 只是DEBUG级别以上的日志才显示 -->
        <filter class="ch.qos.logback.classic.filter.ThresholdFilter">
            <level>DEBUG</level>
        </filter>
    </appender>

    <!-- root级别 （name = dao 实现SQL打印并写入日志文件，与mybatis-config.xml中的dao.对应）  DEBUG -->
    <root name="dao" level="DEBUG">
        <!-- 控制台输出 -->
        <appender-ref ref="STDOUT"/>
        <!-- 文件输出 -->
        <appender-ref ref="FILE_WARN"/>
        <appender-ref ref="FILE_INFO"/>
        <appender-ref ref="FILE_ERROR"/>
        <appender-ref ref="FILE_DEBUG"/>
    </root>
</configuration>