<?xml version="1.0" encoding="UTF-8"?>
<!DOCTYPE generatorConfiguration
        PUBLIC "-//mybatis.org//DTD MyBatis Generator Configuration 1.0//EN"
        "http://mybatis.org/dtd/mybatis-generator-config_1_0.dtd" >
<generatorConfiguration>

    <!-- 数据库驱动:选择你的本地硬盘上面的数据库驱动包-->
    <properties resource="jdbc.properties"/>
    <!--    更改成自己本地mysql或者其他数据驱动jar包地址-->
    <classPathEntry
            location="C:\Users\Work\.m2\repository\mysql\mysql-connector-java\8.0.18\mysql-connector-java-8.0.18.jar"/>
    <!--    <classPathEntry-->
    <!--            location="C:\Users\Administrator\.m2\repository\com\ibm\db2\jcc\db2jcc\db2jcc4\db2jcc-db2jcc4.jar"/>-->

    <!--生成一个实体类 MyBatis3Simple   MyBatis3-->
    <context id="mysql" defaultModelType="flat" targetRuntime="MyBatis3">
        <property name="autoDelimitKeywords" value="false"/>
        <!-- 生成的Java文件的编码 -->
        <property name="javaFileEncoding" value="UTF-8"/>
        <!-- 格式化java代码 -->
        <property name="javaFormatter" value="org.mybatis.generator.api.dom.DefaultJavaFormatter"/>
        <!-- 格式化XML代码 -->
        <property name="xmlFormatter" value="org.mybatis.generator.api.dom.DefaultXmlFormatter"/>

        <!-- beginningDelimiter和endingDelimiter：指明数据库的用于标记数据库对象名的符号，比如ORACLE就是双引号，MYSQL默认是`反引号； -->
        <property name="beginningDelimiter" value="`"/>
        <property name="endingDelimiter" value="`"/>

        <commentGenerator>
            <property name="suppressDate" value="true"/>
            <!-- 是否去除自动生成的注释 true：是 ： false:否 -->
            <property name="suppressAllComments" value="true"/>
        </commentGenerator>
        <!--数据库链接URL，用户名、密码 -->
        <!--<jdbcConnection driverClass="com.mysql.jdbc.Driver"-->
        <!--connectionURL="jdbc:mysql://localhost:3306/itmc?&nullCatalogMeansCurrent=true"-->
        <!--userId="root"-->
        <!--password="mysql">-->
        <!--&lt;!&ndash;取消数据库字段属性为text是，多创建xxxWithBLOBs实体类&ndash;&gt;-->
        <!--<property name="nullCatalogMeansCurrent" value="true"/>-->
        <!--</jdbcConnection>-->
        <jdbcConnection driverClass="${jdbc.driver}"
                        connectionURL="${jdbc.url}"
                        userId="${jdbc.username}"
                        password="${jdbc.password}">
            <property name="nullCatalogMeansCurrent" value="true"/>
        </jdbcConnection>
        <javaTypeResolver type="org.mybatis.generator.internal.types.JavaTypeResolverDefaultImpl">
            <property name="forceBigDecimals" value="false"/>
        </javaTypeResolver>
        <!-- 生成模型的包名和位置-->
        <javaModelGenerator targetPackage="${mybatis.generator.entity}"
                            targetProject="src/main/java">
            <!-- enableSubPackages:是否让schema作为包的后缀 -->
            <property name="enableSubPackages" value="true"/>
            <!-- 从数据库返回的值被清理前后的空格 -->
            <property name="trimStrings" value="true"/>
        </javaModelGenerator>
        <!-- 生成映射文件的包名和位置-->
        <sqlMapGenerator targetPackage="${mybatis.generator.mapper}"
                         targetProject="src/main/java">
            <property name="enableSubPackages" value="true"/>
        </sqlMapGenerator>
        <!-- 生成DAO的包名和位置-->
        <javaClientGenerator type="XMLMAPPER" targetPackage="${mybatis.generator.dao}"
                             targetProject="src/main/java">
            <property name="enableSubPackages" value="true"/>
        </javaClientGenerator>
        <!--要生成的表 tableName是数据库中的表名或视图名 domainObjectName是实体类名-->
        <table tableName="TBL_PERSON"
               domainObjectName="Person"
               enableCountByExample="false"
               enableDeleteByExample="false"
               enableSelectByExample="false"
               enableUpdateByExample="false"
        />
    </context>
</generatorConfiguration>