<?xml version="1.0" encoding="UTF-8"?>
<beans xmlns="http://www.springframework.org/schema/beans"
       xmlns:xsi="http://www.w3.org/2001/XMLSchema-instance"
       xmlns:context="http://www.springframework.org/schema/context"
       xmlns:mvc="http://www.springframework.org/schema/mvc"
       xsi:schemaLocation="http://www.springframework.org/schema/beans http://www.springframework.org/schema/beans/spring-beans.xsd http://www.springframework.org/schema/context http://www.springframework.org/schema/context/spring-context.xsd http://www.springframework.org/schema/mvc http://www.springframework.org/schema/mvc/spring-mvc.xsd">
    <!--配置扫描包-->
    <context:component-scan base-package="org.example.demo.controller"/>
    <context:component-scan base-package="org.example.demo.service"/>

    <!-- 启动spring注解式 -->
    <mvc:annotation-driven/>

    <mvc:interceptors>
        <mvc:interceptor>
            <mvc:mapping path="/**"/>
            <bean class="org.example.demo.config.log.LogInterceptor"/>
        </mvc:interceptor>
    </mvc:interceptors>
<!--    <mvc:annotation-driven>-->
    <!--        <mvc:message-converters>-->
    <!--            <bean class="com.alibaba.fastjson.support.spring.FastJsonHttpMessageConverter">-->
    <!--                <property name="supportedMediaTypes">-->
    <!--                    <list>-->
    <!--                        <value>text/html;charset=UTF-8</value>-->
    <!--                        <value>application/json;charset=UTF-8</value>-->
    <!--                        <value>application/xml;charset=UTF-8</value>-->
    <!--                    </list>-->
    <!--                </property>-->
    <!--                <property name="features">-->
    <!--                    <list>-->
    <!--                        <value>DisableCheckSpecialChar</value>-->
    <!--                    </list>-->
    <!--                </property>-->
    <!--            </bean>-->
    <!--        </mvc:message-converters>-->
    <!--    </mvc:annotation-driven>-->
</beans>